id;username;full_name;role;active_status
1;pollution;since nor times;since though extremely;true
2;moisten besides;inasmuch;modulo whoever someone;false
3;scale vet owlishly;zowie;vice instantly quietly;false
4;amid until inside;publicise boo if;till backburn vice;false
5;warmhearted sonnet;embroil incidentally;psst develop lively;true
6;busily down excluding;keystone;webbed major;false
7;pouch whose so;freshen;wherever strange;false
8;provided underneath;drat unbearably;tasty;false
9;accidentally what;although;uh-huh mumble enjoin;false
10;jewellery excepting;boastfully heavily;notwithstanding;false
