id;created;amount_subtotal;amount_total;email;name;client_reference_id;payment_intent;payment_status
1;8651;4803;29360;Haley_Stroman@hotmail.com;midden;anenst;knobby why;miserly
2;14449;14866;28773;Muhammad_Gulgowski80@gmail.com;sheer vegetation scooter;as;than economics;so grim even
3;11728;19292;24814;Marjory43@yahoo.com;marksman bulk loftily;smoothly;irritating stimulating;overconfidently thunderstorm zowie
4;6570;10242;30862;Kattie_Gutmann@yahoo.com;danger;exactly who;hence;drill since
5;14209;17442;10729;Lavina.Padberg@gmail.com;yuck pleasing;right;between hemp;abnormally
6;7945;12743;22586;Gladys58@yahoo.com;informal until;finally off and;required;that broaden sew
7;1857;17591;1900;Sydni_Corkery55@yahoo.com;disarm gosh;within star behind;sign carelessly;drat swiftly female
8;22162;14784;6633;Trevor_Hahn9@yahoo.com;rudely mockingly furthermore;accidentally;sheepishly astride;waste
9;29863;27923;23114;Dedrick_Price20@gmail.com;loosely dungeon;zowie apropos;nurture;failing
10;9204;16652;32224;Talia.Funk8@hotmail.com;yearly;verbally;portly loyally;sadly unwieldy lovable
