id;title;creator;description;copyright;watch_link
1;uh-huh out;boohoo psychologist chives;per shoat lopsided;stud left;embellishment
2;finally badly ugh;around scroll finally;wild longingly;greatly work ATM;chap
3;rough pawn potentially;sauerkraut modernity grand;because;terracotta tiny yowza;sympathetically monitor scary
4;incidentally aw;outgoing;complex fluffy;agitated;given
5;mature that;under;frankly textbook;abaft enterprise ack;thrifty ha
6;frosty onto consequently;blissful indeed zowie;joshingly;alcove intently gah;bash honey pace
7;poorly;hmph hastily underneath;stable metabolise bright;dust grizzled truthfully;drat homeschool armor
8;lanky teaching;psst indeed;ew qua;ordinary splendid bully;melodic
9;what undress weedkiller;oh upside-down save;cooked;for wherever;despite
10;er barren gadzooks;gadzooks furthermore;entree;whether and;potentially meh uh-huh
