id;workspace;creator;creation_content;background_music
1;ululate;anenst purity;../fake-data/blob/hipster.txt;consequently blah anxiously
2;low minus tourism;pinch upon provided;../fake-data/blob/hipster.txt;after kitchen
3;herring;tsunami;../fake-data/blob/hipster.txt;amid enjoin
4;icebreaker;vandalize mysteriously;../fake-data/blob/hipster.txt;er authorized psst
5;ponce what;eek solid;../fake-data/blob/hipster.txt;embrace shroom equal
6;consequently aw;gee eek cultured;../fake-data/blob/hipster.txt;boohoo afore
7;duh;despite official ack;../fake-data/blob/hipster.txt;transgress
8;fast ick unhand;dump;../fake-data/blob/hipster.txt;hm
9;meanwhile commitment;slight maroon single;../fake-data/blob/hipster.txt;upliftingly a
10;for;unbearably whether back;../fake-data/blob/hipster.txt;mechanically dine successfully
