id;workspace;creator;theme;content;background_music;video_time;gender;videolanguage
1;since partially reign;fanlight firsthand;all;../fake-data/blob/hipster.txt;for;abnormally;ask;boldly
2;truly psst wrongly;talk uh-huh whether;between supposing;../fake-data/blob/hipster.txt;runner;fearless past valet;onto;pillory hence content
3;circle about qualification;on seldom hmph;peninsula ha;../fake-data/blob/hipster.txt;precious;fortunately;publicity nearly blah;cluck versus
4;holler opposite brr;once resound cultured;bartender reinterpret revascularisation;../fake-data/blob/hipster.txt;vain rehear;disclaimer nectar dreamily;swat austere unaccountably;ouch yum qua
5;contour;gratefully;terrific deprive evolution;../fake-data/blob/hipster.txt;sun;excepting stale why;fill;length
6;icky round dump;compute;nor;../fake-data/blob/hipster.txt;upliftingly than;boohoo;wiry gee;nearly consequently
7;misunderstand grudge passport;ordinary graceful;sympathetically daily;../fake-data/blob/hipster.txt;commonly intersperse;on;if locker;duh
8;trooper drat cylindrical;snappy elegantly;how dimple quarter;../fake-data/blob/hipster.txt;swimming notwithstanding disconcert;puzzled;velvety;blank as extremely
9;printer for;eek oh scarily;from madly;../fake-data/blob/hipster.txt;insubstantial;submissive crayon dapper;for;past oof
10;remarkable sputter;likely;that intensely because;../fake-data/blob/hipster.txt;around fear for;mismatch instantly furthermore;within eventually kite;lashes
